<?xml version="1.0" encoding="UTF-8" ?>
<document name="chargingSystem.clienteChagingSystem">
  <extends>doc_com.conceptwave.system.Document</extends>
  <guid>{04e502ad-d5ec-481c-8648-3b6b8960a1d8}</guid>
  <label>Cliente Chaging System</label>
  <metaVersion>25</metaVersion>
  <variableList>
    <variable name="idCliente" type="leaf">
      <label>idCliente</label>
      <valueType>dtype_chargingSystem.idCliente</valueType>
    </variable>
    <variable name="IMSI" type="leaf">
      <label>IMSI</label>
      <valueType>dtype_chargingSystem.IMSI</valueType>
    </variable>
    <variable name="monto" type="leaf">
      <label>monto</label>
      <valueType>dtype_chargingSystem.monto</valueType>
    </variable>
    <variable name="MSISDN" type="leaf">
      <label>MSISDN</label>
      <valueType>dtype_chargingSystem.MSISDN</valueType>
    </variable>
    <variable name="planCS" type="leaf">
      <label>planCS</label>
      <valueType>dtype_chargingSystem.planCS</valueType>
    </variable>
  </variableList>
</document>