<?xml version="1.0" encoding="UTF-8" ?>
<externalService name="chargingSystem.requestCS">
  <label>requestCS</label>
  <metaVersion>25</metaVersion>
  <portList>
    <port name="chargingSOAPPort" type="port">
      <binding>bind_chargingSystem.bindingSOAPRequestCS</binding>
      <exportReferencedOnly>true</exportReferencedOnly>
      <exportSchemaInsideWsdl>true</exportSchemaInsideWsdl>
      <label>Charging SOAP Port</label>
      <listener>true</listener>
      <recover>5</recover>
    </port>
    <port name="chargingJSPort" type="port">
      <binding>bind_chargingSystem.bindingJSRequestCS</binding>
      <label>Charging JS Port</label>
      <recover>5</recover>
    </port>
  </portList>
</externalService>