<?xml version="1.0" encoding="UTF-8" ?>
<document name="EMA.clienteHLR">
  <dbSchema>ORDER</dbSchema>
  <extends>doc_com.conceptwave.system.Document</extends>
  <guid>{f53d1373-86cb-422f-8ba2-bd415104bd15}</guid>
  <label>Cliente HLR</label>
  <metaVersion>25</metaVersion>
  <variableList>
    <variable name="IMSI" type="leaf">
      <column>IMSI</column>
      <key>1</key>
      <table>clienteHLR</table>
      <valueType>dtype_EMA.IMSI</valueType>
    </variable>
    <variable name="MSISDN" type="leaf">
      <column>MSISDN</column>
      <table>clienteHLR</table>
      <valueType>dtype_EMA.MSISDN</valueType>
    </variable>
    <variable name="PROFILE" type="leaf">
      <column>PROFILE</column>
      <table>clienteHLR</table>
      <valueType>dtype_EMA.PROFILE</valueType>
    </variable>
  </variableList>
</document>