<?xml version="1.0" encoding="UTF-8" ?>
<dataStructure name="EMA.response">
  <container>true</container>
  <jsonMap type="jmap">
    <exclude>1</exclude>
  </jsonMap>
  <label>response</label>
  <metaVersion>25</metaVersion>
  <childList>
    <child name="mensaje" type="dstruct">
      <datatype>true</datatype>
      <defaultValue>ok</defaultValue>
      <element>dtype_com.conceptwave.system.String</element>
      <label>mensaje</label>
    </child>
    <child name="estado" type="dstruct">
      <datatype>true</datatype>
      <defaultValue>ok</defaultValue>
      <element>dtype_com.conceptwave.system.String</element>
      <label>estado</label>
    </child>
  </childList>
</dataStructure>