<?xml version="1.0" encoding="UTF-8" ?>
<header name="AVMMetadata">
  <APIVersion>2</APIVersion>
  <author>Mauricio Rojas</author>
  <availableList>
    <available type="loc">
      <locale>en</locale>
      <rightToLeft>false</rightToLeft>
    </available>
  </availableList>
  <created>Tue Feb 28 00:04:11 CLT 2017</created>
  <cwfBuildID>1</cwfBuildID>
  <internalName>EMA</internalName>
  <internalSysVersion>16.0 ICP16-01EP01</internalSysVersion>
  <label>EMA</label>
  <locale type="loc">
    <locale>en</locale>
    <rightToLeft>false</rightToLeft>
  </locale>
  <metaVersion>25</metaVersion>
  <metadataVersion>20150818</metadataVersion>
</header>