<?xml version="1.0" encoding="UTF-8" ?>
<document name="bscsProy.recIMSI">
  <dbSchema>ORDER</dbSchema>
  <extends>doc_com.conceptwave.system.Document</extends>
  <guid>{7a7399d4-2614-4566-872c-18ed9a619c7e}</guid>
  <label>Recurso IMSI</label>
  <metaVersion>25</metaVersion>
  <variableList>
    <variable name="IMSI" type="leaf">
      <column>IMSI</column>
      <key>1</key>
      <table>GG_recIMSI</table>
      <valueType>dtype_bscsProy.IMSI</valueType>
    </variable>
    <variable name="ESTADO" type="leaf">
      <column>ESTADO</column>
      <table>GG_recIMSI</table>
      <valueType>dtype_bscsProy.ESTADO</valueType>
    </variable>
    <variable name="ID_CLIENTE" type="leaf">
      <column>ID_CLIENTE</column>
      <table>GG_recIMSI</table>
      <valueType>dtype_bscsProy.ID_CLIENTE</valueType>
    </variable>
  </variableList>
</document>