<?xml version="1.0" encoding="UTF-8" ?>
<document name="bscsProy.recMSISDN">
  <dbSchema>ORDER</dbSchema>
  <extends>doc_com.conceptwave.system.Document</extends>
  <guid>{50ad1d91-a909-401a-b5af-42ecd05671ba}</guid>
  <label>Recurso MSISDN</label>
  <metaVersion>25</metaVersion>
  <variableList>
    <variable name="ESTADO" type="leaf">
      <column>ESTADO</column>
      <table>GG_recMSISDN</table>
      <valueType>dtype_bscsProy.ESTADO</valueType>
    </variable>
    <variable name="ID_CLIENTE" type="leaf">
      <column>ID_CLIENTE</column>
      <table>GG_recMSISDN</table>
      <valueType>dtype_bscsProy.ID_CLIENTE</valueType>
    </variable>
    <variable name="MSISDN" type="leaf">
      <column>MSISDN</column>
      <key>1</key>
      <table>GG_recMSISDN</table>
      <valueType>dtype_bscsProy.MSISDN</valueType>
    </variable>
  </variableList>
</document>